response,page,area
A wide variety of after school programs.,1,city
"Abandon  charter  schools  and  ""magnet  schools"".  Use  the  money  to  improve  the  leadership, facilities, faculty of ALL of the public schools.",1,city
Access to mental health. Better Public Schools. Better early intervention and screening? how could my son’s level 2 (moderate) autism be completely missed?,1,city
"Access to quality free childcare, preschool, and aftercare.",1,city
Affordable childcare.,1,city
Affordable housing.,1,city
Affordable social/sports options. Tutoring available. School lotteries are not so exclusive.,1,city
"All ages ? drop the mandates and the vaccines and get back to empowering the young. They are your future too, you know.",1,city
All children need space to play and exercise with supervision and kindness.,1,city
All kids should have a mentor and a counselor that sees the best in them.,1,city
Allow more recreational activities for ALL children.,1,city
Allow people to make more of their own choices. Do not have so many mandates and laws and programs that the taxes to pay for all these programs stifles the affordability of living in Durham.,1,city
An indoor Rec center closer to SOUTH Durham (Southpoint area) for families down here.,1,city
Anything that will keep children on a path toward success commensurate with their abilities and level of effort. Remove obstacles that lead to their turning to gangs and crime and drugs and violent lifestyles.,1,city
"As far as I know, no one has come up with a solution to that problem.  Good luck trying.",1,city
"Be sure that all children regardless of ethnicity, income, etc. get the same opportunities.",1,city
Better after school programs and day care programs that are free or affordable.,1,city
Better funding for schools.,1,city
Better pay for teachers.,1,city
Better playground facilities and better public schools.,1,city
Better programs to reach men ages 25?35. Jobs! Programs that will help those who have some marks on their record to be productive working citizens. Stop ignoring that age group.,1,city
Better public transit system.,1,city
Better schools and food programs.,1,city
Better  schools  will  attract  more  teachers  with  experience.  More  support  will  retain  teachers. Increase teacher pay.,1,city
Bring back children club. Durham just needs to invest in the kids. Durham is only worried about the downtown area.,1,city
Bring prayer back into schools. Services to assist parents. Better access to affordable resources.,1,city
Build  more  community  centers.  Have  well  trained  police  officers  assigned  to  their  own neighborhoods.,1,city
"By making sure IEPs are followed through on. My sons were not, and the schooling was so bad I home schooled him for 1 year and now he is an Officer in the USMC. It is all about money and unfortunately the children with IEPs don't get the benefits.",1,city
Career training for middle and high school. increased funding.,1,city
Charter schools and vouchers.,1,city
Children need mentors and expectations to society. Parents need to ask for help and take advice. Quit letting kids run around unsupervised. Too much freedom. More activities to be involved in that reach and train them to be productive in society.,2,city
Children  should  never  be  given  back  to  parents  who  have  drug/alcohol  related  problem  and should have the potential to grow up in a healthy environment. Foster parents should be required to attend parenting classes and children be required to have checkups to make sure they are healthy.,2,city
"City and county should ensure resources are well allocated in schools, funding that support low economic students to ensure a college or career vision. City and County should clean up Durham and enforce an environmentally clean and safe image in schools and within the community.",2,city
"Clean schools several times/days to beat back COVID and use the Federal money to install new, more effective air filtration systems. We GOTTA get kids SAFELY back in the classrooms!",2,city
Clean up the parks.,2,city
Community involvement.,2,city
"Community schools with wrap around services, get cops out of schools, a real investment in public health services, arts, dance, music opportunities.",2,city
"Competent teachers, mental health assessment, equity in education to all.",2,city
Computers and internet need to be available to all.,2,city
"Connection between govt, schools, and church.",2,city
Consistently promoting programs to magnify/ bring out their potentials. Resources broad?casted more.,2,city
Continue advocating the importance of no child left behind.,2,city
Continue improving coordination of services and education/skill development to support kids and give them positive learning and living environments.,2,city
Continue to improve the schools.,2,city
"Continue to invest in: Education, Social services (ONLY for families who truly need it, and it should be temporary NOT years and years) and Churches.",2,city
"Continue to provide a quality, and equal education with qualified schoolteachers, and eliminating troublemakers in the classrooms so all children can achieve, without the threat of violence, and bullying from other children. all ages.",2,city
Continue to provide well rounded meals in the schools for all children. Ensure dental and health care  availability  for  all  students.  Provide  mentors  in  the  schools.  Encourage  industry  to  have summer employment availability. Programs to assist parents in improving parenting skills.,2,city
Continue to teach them that Durham can be a beacon of a place that Terry Sanford & John Hope Franklin called home (I knew both later in life). The city that was the childhood of Pauli Murray.,2,city
Create more  opportunities without stimulations  teach our children as if  they have  to become adults show them support understanding self?programs provide transportation.,2,city
Create safer places to play. Clean up the Tobacco Trail at Fayetteville Road. Clean up the garbage. Create more artwork directed at children.,2,city
Dangerous to walk to school.,2,city
Do better.,2,city
Do everything possible to ensure they don’t get lost in the system.  Address their unique needs in a timely fashion. Utilize best practices like those used at Student U and East Durham Children’s Initiative.,2,city
Durham needs to use more of its resources to deal with gun violence.,3,city
"Durham should offer more free programs for teens. Could offer training on things that would impact day to day living such as automotive, shopping for groceries, housekeeping and childcare.",3,city
We must make sure that the parents get their education and knowledge and the jobs to support their families. The children want to be proud of their community and help build it stronger.,3,city
"Each  home  is  different  and  has  different  needs,  but  I  think  offering  free/low?cost  classes, programs to kids that includes transportation, and a snack would bring kids off the streets and into a staff environment where they can learn trades, sports, art, dance, exercise.",3,city
"Earlier intervention with services for children and families living in poverty, with emphasis on the social determinants of health and well?being and the ACE (Adverse Childhood Experience) scores for elementary school age children.",3,city
Early intervention to deter youth violence.,3,city
Education.,3,city
Education and protection.,3,city
Education and safety. Activities to keep children busy in safe environment.,3,city
"Education, food access for economically challenged. work study/mentorship for teenagers.",3,city
"Education, less government assistance. Advocate fathers in the home. Penalize those who don’t pay child support and encourage young men to treat women with honor and dignity. Do not feed child fear or law enforcement but to respect others.",3,city
Elevate the curriculum to bring overall score 3 to a 4 in Durham. Why does Target not have a teacher discount? Make it nice for teachers and they will want to come to our schools to teach.,3,city
Empower educators to work collaboratively to tailor programs that fit the educational needs of the children in their schools and allow for those children who require additional one on one help to achieve their best potential.,3,city
"Encourage all, don't teach CRT, don't lower the standards.  Re?enforce that each one is worthy and valuable.",3,city
Encourage two parents in household,3,city
Enforce existing codes and regulations!!,3,city
Enforce high standards for schoolteachers; keep school facilities maintained; support parks and recreation activities; get the criminals off the street and keep them off the street (address root causes of gang appeal for Durham youth).,3,city
"Enforce  laws  for  their  lawbreaking  parents,  and  for  the  youth  when  they  follow  in  their lawbreaking parents' footsteps.",3,city
Enhance scholarship opportunities for gifted children and extra help for those with special needs.,3,city
Enhance  social  services  (free  lunch  for  all)  and  issue  uniforms  in  public  schools  to  decrease unneeded stress on parents and shame for disadvantaged children.,3,city
"ensure access to education early with Pre?K. By 3rd grade all young people should be on a grade level, if not exceeding it.   All youth graduate HS and if not going to college, have the option for trade school/vocational programs.",3,city
Ensure adequate and appropriate schooling and education opportunities.,3,city
"Ensure  school  systems  are  high  quality.  Start  after  school  programs,  make  tutoring  programs available.",3,city
Ensure teenage stay in school un,3,city
"Equality, diversity, non?business across the board is the only way. I envision this happening.",4,city
"Established workshops, social events, planned teen clubs, etc.",4,city
Every  child  should  get  a  good  start  in  life  with  access  to  high  quality  health  care  and  early childhood education.,4,city
Excellent teachers and programs.,4,city
Expand access & support for school counselors/college & post?secondary planning.,4,city
Facilitate  axes  to  and  use  of  educational  cultural  and  social  opportunities  to  all  segments  of population.,4,city
"Family should have the opportunity to send their children to schools that provide a rigorous and positive  learning  environment.  Practically,  this  means  providing  charters,  magnet  schools, academic pathway opportunities, and private school scholarships and vouchers. The data bears this out, in that the highest performing middle and high schools in Durham are those where some manner of choice is involved, be it lottery, applications, or private school.",4,city
"Federal, state, and local budgets must consider education ? not only academic but arts, vocational, environmental opportunities ? a primary focus. Our recreational centers are a big help, but schools and proper school nutrition programs and extra interest programs are vital. Every child counts.",4,city
Find innovative ways to link to the local universities and large employers to support schools.,4,city
Fix the schools.,4,city
Focus  on  learning  and  not  just  test  scores.   End  EOG  testing  and  focus  on  actually  learning materials that will help later in life.,4,city
Focus on recruiting and maintaining high?quality teachers and other education professionals.,4,city
Food  security.  Access  to  public  school  resources ? important  to  keep  schools  open  during  the pandemic so that students can access these resources.,4,city
"For minors, provide mentoring and educational tutoring support or partner with organizations that provide such services such as the Emily K Center. However, ALSO recognize that the city and county abs cannot not do the parents' job. Parents need to step up and do THEIR job as parents. Maybe some parents need training or mentoring on how to do that effectively...so maybe the city/county could offer that if it's not already available. But I, for one, am extremely tired of public funds  be  thrown  repeatedly  into  areas  that  are  properly  the  domain  of  parents,  not  the city/county, and more importantly, these measures never address the root causes of why some kids are falling behind, such as children having children and a total absence of any father figure in the child's life.",4,city
"For youth who get in trouble with the law, restorative justice programs are worthwhile.",4,city
Foster a no fail requirement for teachers and parents.,4,city
Free after school care. Free or low?cost school lunches.,4,city
"Free childcare, free pre?k for all.",4,city
Free or heavily subsidized preschool for all! Safe and inexpensive childcare and good wages for those in early childhood care.,4,city
"From  kindergarten  to  high  school  our  kids  need  excellent,  well?paid  teachers  and  safe  school interiors and playgrounds. They should receive free healthy lunches.",4,city
Fully fund public schools. Pay teachers significantly more. Fully fund healthy food options. Fully fund club and after school sports activities. Fully fund transportation both for the schools and the public so that no student has to be at school before 8:30 am.   Fully fund restorative practices and mental health professionals in the schools. Fully fund deferred maintenance. Tear Githens down and start over.  ,4,city
Fully  fund  universal  post?partum  nurse  home  visits  like  those  provided  by  Family  Connects Durham.,5,city
"Fun pre k education, free after school programs.",5,city
Fund all public schools equally.,5,city
Fund or contribute more investment in public schools and related programs.,5,city
"Fund public health, abolish police, read the Youth Voices report published by the youth office and do  those  things.  Involve  youth  from  the  start.  Consider  a  youth  bill  of  rights,  created,  and maintained by the youth of Durham.",5,city
Fund public schools and subsidize childcare.,5,city
Fund schools more.,5,city
Fund the schools.,5,city
"Funding  for  schools  should  be  standardized  and  all  kids  should  receive  the  same  tools  and resources, regardless of which school they go to.",5,city
"Get crime under control, especially shootings.",5,city
Get everyone into housing. Think out of the box. Make sure they get enough food. Make sure they are able to get to school.  Make buses free.,5,city
Get panhandlers off of hwy 70 and Miami and Sherron rd.!!!!!!,5,city
"Get rid of some of the layers of admin in the public school system, hire better teachers & allow taxpayers to have a direct voice in how our hard?earned tax dollars are spent on a school system that seems so far behind our neighbor counties.",5,city
Get rid of the gangs.,5,city
Give every school the finances and materials (tools) equally. Keep neighborhood schools.,5,city
"Give everyone the same opportunity & treat all children the same, not catering to one race or another! all, the same.",5,city
Give more incentives.,5,city
Give teachers and assistant teachers a raise.,5,city
"Go after gang activity to keep kids away from them! If kids have no responsible adult in their lives, have a mentor. More affordable and safe day/after care for children of working parents. More support for teachers!",5,city
Go back to teaching the basics of life values.,5,city
"Good public schools, tutoring, mentorship, family support, community activities.",5,city
"good  schools,  fair  housing,  affordable  housing.  good  police  services  sensitive  to  poor people/minorities.",5,city
"Greater  access  to  public  parks,  stronger  schools,  mentorship  programs  with  local  universities, access to affordable child?care & housing. Decrease gun violence.",5,city
GUN CONTROL so they may live beyond 16 ?18 years old!!! Gang dissolution!,5,city
"Have (encourage) parental interest and involvement in their children, most important!",5,city
Have a curfew.,5,city
"Have different educational programs, a safe haven for the youth implements programs to help the youth thrive for excellence.",5,city
"Have more activities for school age kids and places for school age kids only just for teens, no outside r that what cause trouble.",5,city
Have more community?based programs for school aged children that are supervised and safe.,6,city
"have more free programs for all kids, different workshops for different interests.",6,city
Have more mentor programs for the youth. Between the ages of 10?18.,6,city
"Have  more  opportunities  for  them.  Youth  games  free,  training  for  sports  free.  Talent  shows. Different opinion to enjoy life.",6,city
"Have more ROTC programs in our schools? Also more LEO friendly programs like P? ce week, Fire safety week.",6,city
Have more supervised after school programs.,6,city
Have more youth related programs.,6,city
Have parents get more involved with child instead of relying on the system so much.,6,city
Have place to enrich their potential tutoring programs for troubled youths that need an extra push.,6,city
Have recreational facilities with programs and transportation for the youth.,6,city
"Help  eradicate  poverty,  higher  and  retain  better  teachers,  train  teachers,  treat  teachers  with greater respect and increase teacher salaries.",6,city
Higher paid educators with better benefits and resources for public schools/teachers.,6,city
Higher salary for teachers and better quality of schools.,6,city
HIRE QUALITY TEACHERS AND ALLOW THEM TO INFLUENCE POLICY. SUPPORT TEACHERS NEEDS,6,city
Hire quality teachers and staffing in our public/charter schools. offer great recreational facilities and activities. Provide public/private partnerships/internships to promote good work habits.,6,city
Homework help for all. Start time too early.,6,city
"I  strongly  feel  all  children  should  be  afforded  the  same  opportunity,  to  be  exposed  to  early childhood  development  as  early  as  3  years  old.  Also  understand  that  everyone  is  not  college material  but  is  capable  of  learning  a  trade  through  proper  training  from  a  professional.  That training and certification could afford them the opportunity to be homeowners, earn a decent salary, become a businessperson, and become a productive citizen instead of a gang banger. I believe kids need nurturing. We got money for everything else. We need a Job Corps Center in Durham at the Holton Center on Driver St.",6,city
"I think by building a few places for recreational interaction such as, skating, after school activities, bowling, help with homework, a safe place to thrive without fear of guns and violence, they need something to do to release their energy freely.",6,city
I worry about the lack of drive?in teenagers.,6,city
"Improve crime rate, more control of gangs.",6,city
Improve education/resources.,6,city
Improve our public schools.,6,city
"Improve our school system!!!!  We need smaller class sizes, more teachers, higher teacher pay, more support services to help students.",6,city
Improve  our  schools.  Invest  in  education.  Schools  have  been  struggling  since  the  city/county merged.,6,city
Improve public education facilities and teacher pay to attract top students.,6,city
Improve  public  school  education  in  the  city/county.  Improve  schools  and  teachers'  salaries  to attract and retain high quality teachers.,6,city
"Improve public school infrastructure to make schools a desirable place to learn and teach, support teachers, more affordable, quality childcare.",6,city
"Improve public schools (including better teacher pay to attract and retain good teachers, and seek out visionary, committed leaders in admin rather than the current revolving?door admin approach DPS seems to have); build more parks and green space in areas where they’re lacking (north gate mall  could  have  been  an  amazing  park!);  improve  recreational  opportunities  for  kids  all  over Durham; build and staff more public swimming pools and start affordable swimming programs for kids  (I  was  shocked  at  how  few  pools  there  were  when  I  moved  here);  start apprenticeship/mentor programs for high school kids.",7,city
Improve public schools!,7,city
"Improve public schools, fee Pre?K.",7,city
"Improve public schools, increase number of charter schools, eliminate CRT from schools, provide for job training.",7,city
"Improve public schools, job opportunities, and recreation opportunities.",7,city
"Improve quality of schools and after school/summer camps and programs (this includes increasing teacher  pay  to  attract  quality  instructors!!).  MORE  YEAR?ROUND  SCHOOLS  for  K?8  so  children have less learning loss and parents can budget for childcare during breaks that are spread out vs. all at one time (e.g., a traditional calendar summer). Educating our youth well and preparing them for  the  future  with  better  learning  opportunities  will  help  children  of  Durham  reach  their  full potential.",7,city
Improve schools.,7,city
"Improve schools, stop gangs.",7,city
"Improve  teacher  training,  administrative  training.  Improve  teacher  retention.  Provide  highly trained teachers. Improve teacher salaries. Make sure children have access to technology.",7,city
Improve the facilities in all the neighborhoods not just the wealthy neighborhoods.,7,city
Improve the public school system.,7,city
Improve the quality of the public?school education opportunities.,7,city
Improve the schools and the after?school care.,7,city
Improve underserved schools. Improve services for 'at risk' youth. Improve job opportunities for parents and teenagers. Lower cost of quality childcare.,7,city
Improved access to childcare.,7,city
"In  my  mind,  it’s  more  what  the  STATE  can  do?expand  Medicaid.  Also,  work  on  those  school buildings.",7,city
"In the public schools located in lower income areas, allow more money to go to these schools to make smaller class sizes, more opportunities for students, pay teachers more.",7,city
Increase access to mentoring.,7,city
Increase parental involvement.,7,city
Increase resources and pay for teachers.,7,city
Increase school funding.,7,city
"Increase teacher pay, broaden the curriculum, stop giving charter schools money meant to fund public schools.",7,city
Increase teacher salaries and support them in their efforts to help students thrive.,7,city
Increase teacher’s salary.,7,city
"Increase teen services and jobs. Mental health support, more pre k.",7,city
Increased availability/access to free/low cost before/after school resources; free school breakfast and lunch; universal free pre?k.,7,city
"Invest  in  DPS?  more/better  schools,  less  charters,  better  districting  for  more  equitable  school communities, pay teachers/staff enough to live in Durham.",8,city
Invest in every area of life for all age groups being guided by statistics of age of residence.,8,city
"Invest in more opportunities for the youth (13?18) to have more fun after school programs that are free or low cost. Invest in art, dance, and music programs for kids.",8,city
Invest in public education.,8,city
"Invest in public schools and early childhood education programs, increase public safety.",8,city
Invest in quality of public schools and transportation to and from those schools.,8,city
Invest in resources for equitable education.,8,city
Invest in schools. Defund police.,8,city
Invest in teacher salary and development.,8,city
Invest in the public school system to dismantle segregated learning communities. This impacts the quality of educators who decide to work on these spaces. And all children deserve high quality professionals.,8,city
Invest in the school system and in recruiting highly qualified teachers and retain them through initiatives and fair and competitive pay.,8,city
"Invest  in  your  schools.  Decrease  taxes  to  incentivize  businesses  to  keep  moving  into  Durham. More jobs, good education, less taxes=less at?risk youth looking to make ends meet by dropping out to work or join gangs.",8,city
"Invest in youth activities and after school care with sports so they can learn to work together as teams and have good role models to help them grow. Fix the public schools so we don't have to pay $20,000 every year in private school tuition anymore. You are losing the parents who could make your schools great by not providing enough structure and safety in the DPS schools. We have all had to flee to private schools.",8,city
Invest more in early education??supporting subsidy slots for ALL 3? and 4?year old's and improving the early childhood education workforce.,8,city
Invest more in public schools and reward quality educators. Cease financial support of so?called charter schools and return those funds to public schools where they belong!,8,city
Invest more in public schools. We should be the most attractive school district in the nation for teachers and ALL students. Offering both academic and vocational high?quality opportunities.,8,city
Invest more money into the police school system and private / charter school funding.,8,city
invest seriously and significantly in parks and programming. increase funding for public schools. aggressively re?district to create more solid economic diversity in Durham Public Schools.,8,city
"It  starts  with  education  and  outreach  programs,  community  involvement,  and  I  willingness  to provide volunteer opportunities for adolescent youth as a part of survey price and community involvement. Allowing young people to experience in many aspects of their arm county and city government and all it provides fosters and creates the ability to retain the N key vocal talent, and creates a better understanding of the need’s germs use particularly between the middle school and high school years were most kids find themselves most of suspectable to climbs drugs etc.",8,city
Keep improving the quality of schools in all neighborhoods.,8,city
Keep our children safe.,8,city
"Keep schools safe. Good teachers. Adequate discipline Parent involvement, more charter school options.",8,city
Keep the public parks and recreational facilities safe. Improve the quality of public schools.,8,city
Keep them alive by stopping all these flagrant red?light runners. These northern folks need to leave their impatient driving habits behind when they move south. Less financial support from the govt? they become so dependent and lazy. They need to learn the ropes of life.,9,city
Let's try to do a little bit more education and making the schools fun to come to and give them a more activities in school with athletics things happening on campus led the recreation department come  together  with  the  schools  and  the  police  department  and  the  fire  department  let's  get everybody involved and let's try to attend at least two schools a month until we accomplish all of our schools have something on those campuses while they're going to school and let them know it's all about education.,9,city
"Maintain our parks and schools. We seem to have millions to build new, but we let things fall into disrepair all too quickly.",9,city
Make all equal. More after school programs.,9,city
"Make Durham public school the best schools in the state. Have free childcare options, pre?K, and social programs for all ages. Durham should be the benchmark for education and social services in NC.",9,city
Make neighborhoods safe.,9,city
Make neighborhoods safe for kids to be outside (speed bumps).,9,city
Make parents accountable for standing at the bus stop with their children under the age of 12. Go to the schools and the children and the youth what can be done to help them reach their full potential and thrive.,9,city
Make public school budgets a top priority.,9,city
Make  sure  access  to  schools  is  open  to  everyone.  Erase  procedure  that  favors  more  affluent families when it comes to school selection.,9,city
Make sure materials and staff are plentiful in schools.,9,city
Make sure parents have opportunities.,9,city
"Make sure parents understand a lot of their children thrive & potential start with them supporting and helping them develop their dreams & desires. Help parents understand that DPR is a great starting place to introduce their children to arts, sports, writing, etc. before enrolling them in private class.",9,city
Make sure public schools in lower income areas are given the same opportunities as those in higher income.,9,city
Make sure they have a safe place to live and can get help when they call 911.,9,city
"Make the neighborhoods safer for kids to openly play outside. There are a lot of homeless, drugs and gunfire around our neighborhood that prevent me from letting my child outside alone.",9,city
Make the Southpoint mall a safe place to go.,9,city
Maybe some type of family therapy services?,9,city
Meet student’s needs.,9,city
Mentorship programs.,9,city
"Middle & high school, provide more after school programs.",9,city
Monitor educational progress in schools.,9,city
More activities and sports throughout the city.,9,city
More activities for children.,9,city
More activities for youth.,9,city
"More activities that encourage different race, ethnicity, and nationality to coexist and learn from one another.",10,city
More affordable housing mixed with new development.,10,city
"More  after  school  and  summer  programs  for  all  ages.  Include  reading,  math,  and  language enhancement. Arts, dance, band and singing opportunities. Plenty of games both physical and mental.",10,city
More after school educational programs.,10,city
More after school programs to give All children the opportunity to thrive in a healthy lawful way.,10,city
more communication with new parents in area.,10,city
More community?based activities and free transportation to get them there.,10,city
More community recreation activities.,10,city
More discipline. Less wokeness. No CRT.,10,city
"More  drug  enforcement  in  schools,  drug  sniffing  dogs,  drug  testing  for  athletes  and  more enforcement  in  locker  rooms  and  bathrooms  and  mental  health  supports  for  students  and teachers/staff, more police officers. The ones we have are fantastic, but we need more. Teachers need less pressure, more support, money for supplies and adequate pay. The magistrates are confused, and you never know what to expect, I have had to file a number of IVCs because of my job and the process can be quite frustrating because of inconsistencies and even misinformed magistrates. Also, sometimes they are rude, and the office is not staffed. One time I wakes into the jail entryway, and no one was there for 90 minutes, no security, no magistrate, no one and then the magistrate was extremely rude and belittling.",10,city
More free community centers. More free sports activities.,10,city
More funding for schools.,10,city
"More funding into youth outreach, juvenile support.",10,city
More funding to renovate schools. invest more /get involved.,10,city
more interaction with police so they recognize police as friends and trusted advisers. Make sure class sizes do not exceed 25 students with a goal of 20 max. Dismiss non?performing educators.,10,city
More involvement and community engagement.,10,city
More mentoring.,10,city
More  mentors  and  programs  that  provide  transportation  for  those  who  don’t  have  it  for  the children and teens.,10,city
More money for education for the young. Ok to raise taxes for our youth.,10,city
"More money for student and schools, teacher salaries.",10,city
"More money to school. More services to those that fall outside the typical range (so both gifted and special needs). Opportunities for low?income kids to participate in music, arts, sports, stem etc.",10,city
"More Montessori magnets, more school of the arts magnets.",10,city
More pre k opportunities.,10,city
More programs to help after school not involve in gangs and crimes for underprivileged.,10,city
More programs to keep the children/teens off the street.,10,city
More public volunteer services/projects available thru schools for outreach in the community.,10,city
More recreational activities.,10,city
More recreational centers and planned activities for teenagers.,10,city
More recreational facilities and be more involved in community support.,10,city
More resources for schools.,11,city
"More subsidized youth athletic programming. Sidewalks and protected spaces for kids to move and  play.  Equitable  distribution  of  public?school  funding,  divorced  from  zip  code  and neighborhood property values. Greater vaccine distribution availability and rapid testing sites. Keeping  police  out  of  classrooms.  Not  putting  in  the  juvenile  detention  facility  in  downtown Durham and maintaining the classroom to jail pipeline for our Black and Hispanic community.",11,city
"More youth programs, ways for them to get involved.",11,city
"My child starts pre?k next yr., thankful for the opportunity.",11,city
"My children are all adults and grew up elsewhere, so I am not qualified to answer.",11,city
"Need a rec center, swimming pool.",11,city
Need more apprentice programs. Some kids don’t need to finish high school they can get a GED and go to trade school. Need to offer part time jobs starting in middle school.,11,city
Neighborhood school funding. Less money spent on magnet.,11,city
"Not sure however, provide assistance to parents in providing guidance to their children and other youths.",11,city
"Offer equally educational opportunities; teachers, supplies, computers/laptops, uniforms, sport equipment, etc. Up?to?date equipment and facilities. Free 2?year community college.",11,city
"Offer more outside spaces for families. Outdoors track facilities, entertainment capacity. Recruit better teachers and police officers.",11,city
Offer more recreational opportunities such as outdoor basketball courts and tennis courts and baseball fields and indoor courts as well.,11,city
Offer more/some job to teens it will help keep them out of gang and off the street.,11,city
"Offer  programs  that  teach  civics,  and  leadership.  Internships  with  companies  and  small businesses. Ways to become entrepreneurs.",11,city
"Offer training for youths, more recreational activities.",11,city
"Offering a wide range of activities for pre?teens to encourage exercise, arts, and learning.",11,city
One big problem is gang control. I have been robbed at gun point by very young kids.  I say ages 15 to 18. Kids need to stay in school and have a plan in place for their future.,11,city
"Organize athletic programs, tutoring, mentorship programs for all youth. This is an opportunity to create jobs.",11,city
Our teachers need to be fairly compensated. affordable day care. Schools need to teach children to swim.,11,city
Parenting interventions and involvement. To many kids have no parent involved and schools have no resources to help. Education starts in a home of people who believe in assisting their children in receiving and accepting it. You can help but no change the view of the parents.,11,city
Pay teachers and provide resources for better retention.,11,city
Pay teachers better. Build and repair parks. Increase computer access for all kids.,11,city
Pay teachers more.,11,city
"Pay  teachers  more,  give  schools  more  funding,  stop  catering  to  the  loud  minority  and  make decisions that's right for the city based on the information available and stick to it.",11,city
"Pay teachers more, provide more support for families with children.",11,city
"Pay teachers more, require higher standards for teachers.",11,city
"Pay teachers more. invest in schools, get rid of bloated administration.",11,city
Poverty prevention? programs and access to good school system.,11,city
Preschool  for  all  children.  After  school  programs.  Creative  ways  to  teach  those  who  learn differently.,12,city
Prioritize  quality  teaching.  leadership  &  retention  of  talent  in  public  schools.  Stop  allowing charters to siphon off public funds.,12,city
Promote family units with a mother and father.,12,city
Proper after school and summer enrichment opportunities at low/no cost to working families.,12,city
Protective services for families. Need more social workers.,12,city
Provide a better education. Keep the streets safe.,12,city
"Provide a range of paid employment, volunteer opportunities, and after school activities in at risk neighborhoods for all age groups.",12,city
"Provide a safe and healthy environment to allow all children to feel wanted, needed, and belong.",12,city
Provide a safe and secure environment for them to thrive. Improve public school systems. Provide cost effective recreational and athletic opportunities to promote a positive environment and keep them out of trouble.,12,city
Provide affordable housing and extracurricular activities.,12,city
Provide  afterschool  enrichment  and  athletic  programs.  Provide  apprentice  and  internship opportunities for high school students.,12,city
Provide better schools.,12,city
Provide citywide intramural basketball. Talent shows. Art exhibits etc. For teens (12?18) in order for them to compete and be seen in a positive genre. These activities out of reach for some teens at school due to negative behavior.,12,city
"Provide enough, safe, park space and facilities.",12,city
"Provide equitable social support, economic, & educational resources across all neighborhoods and communities and schools in Durham city and county. Where neighborhoods and communities have low resources and clear disadvantage, the city and county need to increase the provision of those resources, services, &! Opportunities to alleviate adverse conditions.",12,city
Provide food and education.,12,city
"Provide FREE activities. Tutoring, financial literacy classes.",12,city
Provide free early learning and childcare options.,12,city
Provide  good  school  programs  &  activities.  Limit  who  is  allowed  to  have  children  to  what city/county can achieve to substitute for family care.,12,city
"Provide more support to public schools to include reduced class sizes, more academic and non?academic programs, and access to school activities.",12,city
Provide one on one help for students needing it.,12,city
Provide safe places for children to be after school.,12,city
Provide transportation to them to participate when parents must work.,12,city
"Provide well kept, safe areas for Play and recreation.",12,city
Public Pre?school/daycare.,12,city
Put God back in the school system. Teach them about morality and hire God?fearing teachers.,12,city
"Put  maximum  funding  into  public  schools.  Provide  adequate  support  staff  at  schools  for counseling, administration, etc., to free teachers to teach. Provide job training opportunities for those students who will not attend college. And provide free after school programs that engage teens in positive activities.",12,city
Put more emphasis on education.,12,city
Put  more  money  into  public  education  and  social  services  to  support  poor  and  single  parent families. After school programs and food programs are also important.,13,city
Put  vocational  education  classes  back  in  the  schools!  Every  kid  is  NOT  going  to  college!Neighboring counties like Orange County still have those classes!!!!!,13,city
"Quality public education (not charter schools, not private schools) that is inclusive of everyone. Programs that are driven for different learning types and capabilities.",13,city
Quality teachers in all schools. Have children who don’t want to learn go to alternative schools so the children who want to learn will have that opportunity.,13,city
"Reach out to children and teens in subsidized housing to get them involved with educational, artistic, and athletic programs that will give them something to do other than get into trouble. There's a teen center in Lyon Park and I've never seen anyone at it. Seems very underutilized as is the baseball field beside it.",13,city
"Conduct support groups for ages 10 to 15 years old and find out their concerns, what they think, what they feel for them and for themselves in order to help them be more focused on their decisions and not make mistakes at an early age so that learn to take care of themselves and their community and respect the people around them who are cautious...in reality, youth need a lot of help for a better tomorrow...helping youth is the best thing that can be done do for a better life in the future... to care for and grow what is already there in the present....thank you...",13,city
Recreation centers that offer experiences for children ages 8?18 are important in helping children rea h their full potential.,13,city
Recreational resources for youths.,13,city
Reduce class size.,13,city
"Reduce poverty, increase job opportunities/training for under?resourced communities so parents have jobs, increase # of counselors/social workers in public schools, so teachers have less burden trying to address students' needs beyond school.",13,city
Reform  zoning  to  make  new/existing  developments  in  Durham  mixed  income  and  increase development  in  East  Durham ?>  thereby  reduce  concentrated  poverty  and  de?facto  state  of racial/economic segregation.,13,city
"Regular communication with public school employees at all levels. Any employee no matter what job or title should be encouraged to actively reach out to county officials and share thoughts, ideas, or concerns. Parents of all children should also be encouraged to do the same. I hope the county puts a major focus on providing resources for all students in the public schools and put emphasis on making schools feel safe.",13,city
Reliable transportation.,13,city
Remove all vaccine and mask mandates. Parents should decide where children go to school so offer competitive school choices to parents.,13,city
Safe activities.,13,city
"Safe after school programs, more visible opportunities for people to volunteer to help post COVID",14,city
"safe  neighborhoods,  nutrition,  access  to  play/parks  spaces,  pre?K  programs,  adequate medical/dental care, and support for learning disabilities.",14,city
"Safe,  comprehensive,  accessible,  well?promoted  programs  and  facilities  to  ALL  youth;  upper?middle?lower class of all races.",14,city
School and job training.,14,city
School vouchers.,14,city
Schools need to be safer and teacher salaries need to be increased to attract and retain quality professionals.,14,city
Schools should be equal all across the board with resources and teachers.,14,city
"Schools, churches, government, and families work together.",14,city
"Smaller class size, more after school free spaces. Invest in school facilities.",14,city
Smaller  class  sizes  so  kids  with  ADHD  or  behavior  challenges  aren't  constantly  removed  from classrooms.  They need more support and different solutions.,14,city
"Smaller  classrooms.  More  pay  for  teachers  (you  get  what  you  pay  for).  Education  should  be number one concern not athletics. Sports are ok but must maintain GPA to play. Need every day gym classes. Life skills classes on marriage, budget. And applying for jobs. Trade schools. Parenting classes. Paying taxes.",14,city
Some schools are underfunded and poorly run with racial problems. My family had to move to a neighborhood with a better school though they hated to move.,14,city
Spend money in schools and actually commit to it.,14,city
"Spend more money on public education, teachers, keeping kids in school.",14,city
Stop calling Durham city police unless they don't carry guns.,14,city
Stop enforcing laws that prohibit marijuana use.,14,city
Stop pushing race as the primary factor that children cannot succeed. Focus on providing quality education on the core competencies. Provide more law enforcement in high crime /gang areas so that children don’t live in fear.,14,city
Strong public schools regardless of neighborhood.,14,city
Substantial improvement of quality of academic rather than teacher union directed instruction and curriculum at all public schools.,14,city
Support and encourage better and more involved parenting.,14,city
Support charter schools.,14,city
Support programs like Kidznotes.,14,city
"Support public schools: quality, variety of instruction, teacher pay to attract good teachers, etc.",14,city
"Support the educators, good salary, money to buy needed supplies for all.",14,city
Support  the  neighborhood  groups  that  are  working  on  these  goals  and  follow  their  lead  and wisdom.,14,city
Take care of the teachers.,14,city
Teach them Dave Ramsey financial literacy.,14,city
Teachers need to get paid more.,14,city
Teenager having a place to go to get help with school and finding meaningful work that could take them into adulthood.,14,city
Teenagers starting at 11 need programs and community?based spaces to help them learn.,14,city
"Teens: High school age, there should be more teen related facilities for gathering and mingling with friend. The Streets at South Point used to allow for this until the Northgate mall closed",15,city
"The efforts of the P&R, library and social services are good. I like that the police & fire dept do annual community events. Please refurbish and maintain low?income housing. I would like to see more housing neighborhoods & quality construction in the 100K price range. Durham has a lot of high end and low end and not much in the middle.",15,city
"The magnet school system is a great start. Decent housing for all kids is so important??functional housing away from crime areas and safe transit to schools. After?school programs for kids whose parents must work. Safe places for kids to be when their guardians aren't around.  Alternative outlets for youth angst and energy (alternative to gangs.)  Not de?fund the police but add a ""social worker"" component.",15,city
"There  are  huge  socio?economic  disparities  existing  in  Durham  right  now,  and  gentrification  is pushing marginalized people out. We need to start with affordable housing that is pleasant. Then fix  school  facilities  and  ensure  enough  bus  drivers,  teachers,  cafeteria  workers.  Then  provide programming to teach skills and pull people out of poverty.",15,city
"To be safe, listen to the world and do the best they can and do your best.",15,city
Treat all the same.,15,city
"Try improving the quality of management in schools. Even if individual teachers are very good, continuity and consistency are lacking.  I believe I've read that DPS receives the second?highest level of funding per student in the state.  The outcomes don't reflect that. Stop the misguided downtown development. I don't need a Google office there.  Put it in the park. Durham's policy has exacerbated a housing crunch that may have been there anyway while losing out on economic development. You can call yourselves """"progressive"""" but having kids shot near my house, failing schools, and a lack of affordable housing isn't the kind of progress I want.",15,city
"Turning schools into community centers and safe spaces with social services resources, recreation for families and tutoring options & family education.",15,city
"Tutors, translators for the Spanish.",15,city
Universal pre k for all children.,15,city
Universal pre?k.,15,city
"Universal pre?k, skate parks.",15,city
Universal pre?k. Safe places to play in every neighborhood. More kids living in a supportive home environment.,15,city
Update all schools to be more compatible with society today.,15,city
"Use  funds  to  give  youth  resources:  better  access  to  mental  health  services,  opportunities/internships, education—rather than for new youth detention center.",15,city
Utilize retired and elderly for educational and skills training. It's a win/win situation.,15,city
Very important to improve this plan.,15,city
We need to improve the quality of teachers and seriously improve teachers’ salaries to recruit excellent teachers in public schools. I am a teacher in middle school.,15,city
Work on the quality of the public school system.,15,city
Work on the schools and crime.,15,city
Work to improve the quality of public schools. Add and improve sidewalks surrounding public schools so children can safely walk to school.,15,city
Work to stop the influence of gangs. Need more mentors and facilities to keep kids out of trouble and focusing on life?long skills.,16,city
"You can’t just have a few stand out teachers or schools and clap for yourself.  You have to have a good school system. The grades speak for themselves. These kids are undereducated in every category. I would move to a shack in Chapel Hill before I would live in a mansion in Durham and send  my  kid  to  public  school  in  Durham.  I  tried  Ignite!  This  year.  Better—but  really,  it’s  just OnDemand home schooling.",16,city
"Young children need a strong male & female model of good character as they grow & mature. Children might meet their potential if the city & county encouraged “family” events, supported Big Brother type of organizations, & supported unwed mothers not only with money but teaching them skills. Much research suggests that even 1 good person who models good behaviors can make a difference in a child’s life & help break the bad cycle from which the child comes. I know this research to be true from witnessing lives of people I know. They are people who broke out of the bad cycle & are now contributing members of society.",16,city
Youth centers.,16,city
Youth need a center for activities.,16,city
"All children should be taught the truth about their history. people of Durham deserve to be educated, governed, and live and develop in an environment of high morals, honesty, equity, and respect for a safe and full life.",32,county 
Better protection of children in and out of school.,32,county 
Bigger education budget and more resources for special needs children.,32,county 
"Cancel ""no child left behind"" because kids are being promoted regardless of knowledge and/or abilities. Achieve by doing the work builds self-esteem.",32,county 
"Change the welfare system, no money for illegal people or new mothers who are not married or work.",32,county 
Children need to feel safe first and foremost. Some regions/apt complexes are simply unsafe and need gang violence and other types of violence addresses.,32,county 
Community safety. Good public education. Program for bullying and gang involvement.,32,county 
Continue More At 4 and early education opportunities.,32,county 
"Crack down on gang violence, and shootings. Make streets safe for children.",32,county 
Don't force a cookie cutter education program on our K-8 children in non-magnet schools.,32,county 
Durham public schools need huge improvements so there is less flight to charter and public schools. The number of charter schools should be limited and DPS needs to become more appealing.,32,county 
Durham should start back providing free camps in each neighborhood to provide them another option to getting in trouble.,32,county 
"Early childhood education for all children, free of charge.",32,county 
Education.,32,county 
Eliminate CRT.,32,county 
Encourage more STEM programs. Provide more after school activities. Promote higher education. Provide affordable college options.,32,county 
Equal opportunity.,32,county 
"Examine home life/style of learning of each child and adjust ‘teaching methods’ accordingly. Background checks on ‘educators’ and provide care and follow-up care when needed. They have a huge responsibility as caregivers therefore need occasional care themselves…and most chose the profession out of love, not prestige.",32,county 
Find a gang prevention program that works.,32,county 
Find all the public schools equally! Provide the same opportunities the rich kids get across the board!,32,county 
Focus on better schools. Increased technical training allowing readiness to increase into technical partial coming into the area.,32,county 
"Focus on the Schools, Trade schools and access to higher learning. Provide mental health services for families in need.",32,county 
Freedom to choose.,32,county 
"Full free preschool, high quality education at all levels, eliminate charter schools. afterschool programs. safe.",32,county 
"Get rid of gangs, they are a cancer on society.",32,county 
Give them parents who have the ability to take care of them or help the schools.,32,county 
"govt on any level is not the solution to any problem or concern. Throwing taxpayer's money at the problem solves nothing. Public schools can provide quality education, other than that it is up to the parents, private citizens, and churches to help children and youth of the community.",33,county 
Greater investments in schools.,33,county 
Gun control.,33,county 
Have more parental involvement; require student attendance in school; provide more positive recreational opportunities.,33,county 
"Have more schools with much smaller populations and smaller teacher to student ratios. More year-round schools. Have more small parks and gathering places in more areas. Have more after school programs including programs that run though out the night for children whose parents work night shifts. Possibly, schools at nighttime.",33,county 
Have programs and activities in place and accessible for children of all economic backgrounds.,33,county 
Have programs for children with law enforcement.,33,county 
"Hire more teachers. provide more recreational activities. new programs, more workers, social services.",33,county 
"Honestly, other than living inside Durham we shop and visit in wake and Granville County for most other needs, including education. Because of its negative reputation with violence and lack of resources, we frequent other counties amenities.",33,county 
"Improve public school curriculum. Emphasis reading, math, English.",33,county 
improve public schools.,33,county 
"In schools, teach How to handle finances, art, home economics, shop for a trade.  Sponsor volunteer programs for youth (ex-clean up parks, painting).",33,county 
"Invest in school systems, pay teachers better.",33,county 
"Job training programs, then job availability. Increase funding for elementary students in under privileged areas.",33,county 
"Job training, mentors, parenting classes. It must start with the parents.",33,county 
Maintain high standards in the schools. Do not let the pandemic become the excuse to allow students to underperform.,33,county 
Make educational tools more accessible and encourage more youth participation in the community and local government.,33,county 
"Make sure all have adequate food, housing, healthcare, education, and recreation.",33,county 
Make sure educational opportunities are equal across the board and get rid of charter schools.,33,county 
Make universities affordable.,33,county 
Make upgrades to public schools as children often go to school with harmful mold and flooding,33,county 
Mentoring; community and school partnerships; facilities that can provide extracurricular activities for youth (arts and athletics). Investing in STEM education.,33,county 
More community programs even if you have to ask for churches to help.,33,county 
More funding for public schools and recreation.,33,county 
More funding for schools. more police.,33,county 
More mental health counseling. Mandatory life skill classes like making a budget. More emphasis on trade education and less on college.,33,county 
More money into DPS education. Lower class sizes in elementary & high schools.,33,county 
"More options (after school, weekends) for at-risk children.",33,county 
More positive interactions between youth and police so youth can trust police more.,33,county 
"More programs like Boys and Girls Club, safe. more parenting programs.",34,county 
More technical programs for those you don't want to go to college,34,county 
More youth activities geared toward furthering and preserving youth's mental and physical development.,34,county 
Need more head start sort of programs. Make it easier to get help for handicap children.,34,county 
Open clubs for children and youth to have a place to go after school and weekends. offer public areas for youth to go to for school tutoring.,34,county 
"Open the eyes of the mothers and fathers, support the mothers working with children.",34,county 
Opening community youth centers.,34,county 
Parents need to take responsibility.,34,county 
"Pay teachers a decent salary, provide computers or access for all children. Involve youth in community service projects to earn special credits for some tangible recognition.",34,county 
Pay teachers more.,34,county 
Place more accountability on the parents holding them accountable.,34,county 
Police protection and qualified personnel.,34,county 
Primary focus on recruiting excellent teachers.,34,county 
Programs for at risk youth.,34,county 
Programs that would ensure they attend school on a regular basis from day-care (entry into kindergarten).,34,county 
Programs to keep kids involved and off the streets.,34,county 
Promote family relations and activities. The family is the heart and soul of the nation or city/country.,34,county 
Proper teaching in schools reading writing and arithmetic for future jobs.,34,county 
Provide additional parks & playgrounds.,34,county 
"Provide child local tax credit. Provide free child-care. Provide free extracurricular activities, create safe neighborhoods for kids with safe playgrounds",34,county 
Provide cost effective before and after school programs. Mentorships within police department and fire departments/other city and county departments.,34,county 
Provide resources for at risk children and youth.,34,county 
Provide safe middle and high schools. Kids are walking around with knives and guns threatening others.,34,county 
"Provide sports facilities for k-12 ages, Durham students. indoor pool, ice rink, baseball fields. Bull City Little League has no running water or bathrooms.",34,county 
Quality education safety policies.,34,county 
"Quality education, after school programs.",34,county 
Quality education.,34,county 
Quality teachers in ALL schools.,34,county 
Remove the gangs and gang violence and drugs the gangs bring to Durham.,34,county 
Require families to come to programs together.,34,county 
"Safety, recreation opportunities, church, good education.",34,county 
Safety. challenge their minds. talents developed. Expand their world.,34,county 
Sidewalks and crosswalks near and around every single school. An intense PR campaign to improve the image of the wonderful public schools.,34,county 
"Small class sizes, higher teacher pay to attract the best teachers and start a student mentorship program for high school.",35,county 
Stop public schools & officials from teaching hate for one ethnic or race lowering education because of race & ethnic background. Have parents have more say what is being taught.,35,county 
Stop teaching them to be communists and perpetual victims.,35,county 
Talk to parents more.,35,county 
Understand that there is major difference between equality vs equity; additionally stop acting like racism does not exist and approach it heads on.,35,county 
Universal pre-k.,35,county 
Up to the parents.,35,county 
VERY LITTLE - IT SHOULD BE DONE IN THE HOME.,35,county 
Work with the parents to engage the children.,35,county 
